{
    "loss": 0.3685876727104187,
    "accuracy": 0.8776978254318237
}