{
    "loss": 1.2391228675842285,
    "accuracy": 0.5323740839958191
}