{
    "loss": 0.12018324434757233,
    "accuracy": 0.935251772403717
}