{
    "loss": 0.14982835948467255,
    "accuracy": 0.9568345546722412
}